4letter,5letter,6letter,7letter
aals,aback,abacus,ability
abac,abase,abased,absence
abas,abate,abated,academy
abba,abbey,abates,account
abbe,abbot,abayas,accused
abbs,abhor,,achieve
abed,abide,abbeys,acquire
aber,abled,abbots,address
abet,abode,abduct,advance
abid,abort,abhors,adverse
able,about,abided,advised
ably,above,abides,adviser
abri,abuse,abject,against
abut,abyss,abjure,airline
abye,acorn,ablate,airport
abys,acrid,ablaze,alcohol
acai,actor,aboard,alleged
acca,acute,abodes,already
aced,adage,aborts,analyst
acer,adapt,abound,ancient
aces,adept,abrade,another
ache,admin,abroad,anxiety
achy,admit,abrupt,anxious
acid,adobe,absent,anybody
acme,adopt,absorb,applied
acne,adore,absurd,arrange
acre,adorn,abused,arrival
acro,adult,abuser,article
acta,affix,abuses,assault
acts,afire,acacia,assumed
acyl,afoot,accede,assured
adaw,afoul,accent,attempt
adds,after,accept,attract
addy,again,access,auction
adit,agape,accord,average
ados,agate,accost,backing
adry,agent,accrue,balance
adze,agile,accuse,banking
aeon,aging,acetic,barrier
aero,aglow,acetyl,battery
aery,agony,aching,bearing
aesc,agree,acidic,beating
afar,ahead,acinar,because
affy,aider,acorns,bedroom
afro,aisle,across,believe
agar,alarm,acting,beneath
agas,album,action,benefit
aged,alert,active,besides
agee,algae,actors,between
agen,alibi,actual,billion
ager,alien,acuity,binding
ages,align,acumen,brother
agha,alike,adages,brought
agin,alive,adagio,burning
agio,allay,adapts,cabinet
aglu,alley,addend,caliber
agly,allot,adders,calling
agma,allow,addict,capable
agog,alloy,adding,capital
agon,aloft,addled,captain
agro,alone,adduce,caption
ague,along,adduct,capture
ahed,aloof,adepts,careful
ahem,aloud,adhere,carrier
ahis,alpha,adipic,caution
ahoy,altar,adjoin,ceiling
aias,alter,adjust,central
aida,amass,admire,centric
aide,amaze,admits,century
aids,amber,adobes,certain
aiga,amble,adopts,chamber
ails,amend,adored,channel
aims,amiss,adores,chapter
aine,amity,adorns,charity
ains,among,adrift,charlie
airn,ample,adroit,charter
airs,amply,adsorb,checked
airt,amuse,adults,chicken
airy,angel,advent,chronic
aits,anger,adverb,circuit
aitu,angle,advert,classes
ajar,angry,advice,classic
ajee,angst,advise,climate
ajis,anime,adware,closing
akas,ankle,adzuki,closure
aked,annex,aerate,clothes
akee,annoy,aerial,collect
akes,annul,aeries,college
akin,anode,affair,combine
alae,antic,affect,comfort
alan,anvil,affine,command
alap,aorta,affirm,comment
alar,apart,afford,compact
alas,aphid,affray,company
alay,aping,afghan,compare
alba,apnea,afield,compete
albe,apple,aflame,complex
albs,apply,afloat,concept
alco,apron,afraid,concern
alec,aptly,afresh,concert
alee,arbor,agates,conduct
alef,ardor,agaves,confirm
ales,arena,ageing,connect
alew,argue,ageism,consent
alfa,arise,agency,consist
alfs,armor,agenda,contact
alga,aroma,agents,contain
alif,arose,aghast,content
alit,array,agouti,contest
alko,arrow,agreed,context
alky,arson,agrees,control
alls,artsy,ahimsa,convert
ally,ascot,aiders,correct
alma,ashen,aiding,council
alme,aside,aikido,counsel
alms,askew,ailing,counter
alod,assay,aiming,country
aloe,asset,airbag,crucial
aloo,atoll,airier,crystal
alow,atone,airily,culture
alps,attic,airing,current
also,audio,airman,cutting
alto,audit,airmen,dealing
alts,augur,airway,decided
alum,aunty,aisles,decline
alus,avail,alarms,default
amah,avert,albedo,defence
amas,avian,albeit,deficit
ambo,avoid,albino,deliver
amen,await,albite,density
ames,awake,albums,deposit
amia,award,alcove,desktop
amid,aware,alders,despite
amie,awash,alerts,destroy
amin,awful,alibis,develop
amir,awoke,aliens,devoted
amis,axial,alight,diamond
amla,axiom,aligns,digital
ammo,axion,aliyah,discuss
amok,azure,alkali,disease
amps,bacon,alkane,display
amus,badge,alkyds,dispute
amyl,badly,allays,distant
anal,bagel,allege,diverse
anan,baggy,allele,divided
anas,baker,alleys,drawing
ance,baler,allied,driving
ands,balmy,allies,dynamic
anes,banal,allots,eastern
anew,banjo,allows,economy
anga,barge,alloys,edition
anil,baron,allude,elderly
anis,basal,allure,element
ankh,basic,almond,engaged
anna,basil,almost,enhance
anno,basin,alpaca,essence
anns,basis,alphas,evening
anoa,baste,alpine,evident
anon,batch,altars,exactly
anow,bathe,alters,examine
ansa,baton,alumna,example
anta,batty,alumni,excited
ante,bawdy,always,exclude
anti,bayou,amazed,exhibit
ants,beach,amazes,expense
anus,beady,amazon,explain
apay,beard,ambers,explore
aped,beast,ambled,express
aper,beech,ambles,extreme
apes,beefy,ambush,factory
apex,befit,amends,faculty
apod,began,amicus,failing
apos,begat,amidst,failure
apps,beget,amines,fashion
apse,begin,amnion,feature
apso,begun,amoeba,federal
apts,being,amoral,feeling
aqua,belch,amount,fiction
arak,belie,amours,fifteen
arar,belle,ampere,filling
arba,belly,ampler,finance
arbs,below,ampule,finding
arch,bench,amtrak,fishing
arco,beret,amulet,fitness
arcs,berry,amused,foreign
ards,berth,amuses,forever
area,beset,anally,formula
ared,betel,analog,fortune
areg,bevel,anchor,forward
ares,bezel,anemia,founder
aret,bible,anemic,freedom
arew,bicep,angels,further
arfs,biddy,angers,gallery
argh,bigot,angina,gateway
aria,bilge,angled,general
arid,billy,angler,genetic
aril,binge,angles,genuine
aris,bingo,angora,gigabit
arks,biome,angsty,greater
arle,birch,animal,hanging
arms,birth,animus,heading
army,bison,anions,healthy
arna,bitty,ankles,hearing
arow,black,anklet,heavily
arpa,blade,annals,helpful
arse,blame,annoys,helping
arsy,bland,annual,herself
arti,blank,annuls,highway
arts,blare,anodes,himself
arty,blast,anodic,history
arum,blaze,anoint,holding
arvo,bleak,anoles,holiday
aryl,bleat,anomie,housing
asar,bleed,anorak,however
asci,bleep,anoxia,hundred
asea,blend,anoxic,husband
ashy,bless,answer,illegal
asks,blimp,anthem,illness
asps,blind,anther,imagine
atap,blink,antics,imaging
ates,bliss,antler,improve
atma,blitz,antral,include
atoc,bloat,antrum,initial
atok,block,anuses,inquiry
atom,bloke,anvils,insight
atop,blond,anyhow,install
atua,blood,anyone,instant
auas,bloom,anyway,instead
aufs,blown,aorist,intense
augh,bluer,aortic,interim
auks,bluff,apache,involve
aula,blunt,apathy,jointly
auld,blurb,apexes,journal
aune,blurt,aphids,journey
aunt,blush,apiary,justice
aura,board,apical,justify
auto,boast,apices,keeping
aval,bobby,apiece,killing
avas,boney,aplomb,kingdom
avel,bongo,apneas,kitchen
aver,bonus,apneic,knowing
aves,booby,apnoea,landing
avid,boost,apogee,largely
avos,booth,appall,lasting
avow,booty,appeal,leading
away,booze,appear,learned
awdl,boozy,append,leisure
awed,borax,apples,liberal
awee,borne,applet,liberty
awes,bosom,aprons,library
awfy,bossy,arabic,license
awks,botch,arable,limited
awls,bough,arbors,listing
awns,boule,arbour,logical
awny,bound,arcade,loyalty
awol,bowel,arcana,machine
awry,boxer,arcane,manager
axal,brace,arched,married
axed,braid,archer,massive
axel,brain,arches,maximum
axes,brake,archly,meaning
axil,brand,arctic,measure
axis,brash,ardent,medical
axle,brass,ardour,meeting
axon,brave,arenas,mention
ayah,bravo,areola,message
ayes,brawl,argent,million
ayin,brawn,argued,mineral
ayre,bread,arguer,minimal
ayus,break,argues,minimum
azan,breed,argyle,missing
azon,briar,aright,mission
azym,bribe,arisen,mistake
baal,brick,arises,mixture
baas,bride,armada,monitor
baba,brief,armful,monthly
babe,brine,armies,morning
babu,bring,arming,musical
baby,brink,armlet,mystery
bach,briny,armory,natural
back,brisk,armour,neither
bacs,broad,armpit,nervous
bade,broil,arnica,network
bads,broke,aromas,neutral
bael,brood,around,notable
baes,brook,arouse,nothing
baff,broom,arrant,nowhere
baft,broth,arrays,nuclear
bagh,brown,arrear,nursing
bags,brunt,arrest,obvious
baht,brush,arrive,offense
bahu,brute,arrows,officer
bail,buddy,arroyo,ongoing
bait,budge,arsons,opening
baju,buggy,artery,operate
bake,bugle,artful,opinion
bald,build,artist,optical
bale,built,ascend,organic
balk,bulge,ascent,outcome
ball,bulky,ashore,outdoor
,bully,ashram,outlook
,bunch,asides,outside
,bunny,asking,overall
,burly,asleep,pacific
,burnt,aspect,package
,burst,aspens,painted
,bused,aspire,parking
,bushy,assail,partial
,butch,assays,partner
,butte,assent,passage
,buxom,assert,passing
,buyer,assess,passion
,bylaw,assets,passive
,cabal,assign,patient
,cabby,assist,pattern
,cabin,assize,payable
,cable,assume,payment
,cacao,assure,penalty
,cache,astern,pending
,cacti,asters,pension
,caddy,asthma,percent
,cadet,astral,perfect
,cagey,astray,perform
,cairn,astute,perhaps
,camel,asylum,phoenix
,cameo,ataxia,picking
,canal,atlatl,picture
,candy,atolls,pioneer
,canny,atomic,plastic
,canoe,atonal,pointed
,canon,atopic,popular
,caper,atrial,portion
,caput,atrium,poverty
,carat,attach,precise
,cargo,attack,predict
,carol,attain,premier
,carry,attend,premium
,carve,attest,prepare
,caste,attics,present
,catch,attire,prevent
,cater,attune,primary
,catty,auburn,printer
,caulk,audios,privacy
,cause,audits,private
,cavil,augers,problem
,cease,augurs,proceed
,cedar,augury,process
,cello,august,produce
,chafe,auntie,product
,chaff,aureus,profile
,chain,aurora,program
,chair,auteur,project
,chalk,author,promise
,champ,autism,promote
,chant,autumn,protect
,chaos,auxins,protein
,chard,avails,protest
,charm,avatar,provide
,chart,avenge,publish
,chase,avenue,purpose
,chasm,averse,pushing
,cheap,averts,qualify
,cheat,avians,quality
,check,aviary,quarter
,cheek,avidly,radical
,cheer,avoids,railway
,chess,avowal,readily
,chest,avowed,reading
,chick,awaits,reality
,chide,awaked,realize
,chief,awaken,receipt
,child,awakes,receive
,chili,awards,recover
,chill,awhile,reflect
,chime,awning,regular
,china,awoken,related
,chirp,axeman,release
,chock,axilla,remains
,choir,axioms,removal
,choke,axions,removed
,chord,axonal,replace
,chore,azalea,request
,chose,babble,require
,chuck,babied,reserve
,chump,babies,resolve
,chunk,baboon,respect
,churn,backed,respond
,chute,backer,restore
,cider,backup,retired
,cigar,bacons,revenue
,cinch,badass,reverse
,circa,badder,rollout
,civic,baddie,routine
,civil,badged,running
,clack,badger,satisfy
,claim,badges,science
,clamp,badman,section
,clang,baffle,segment
,clank,bagels,serious
,clash,bagged,service
,clasp,bagger,serving
,class,baggie,session
,clean,bagman,setting
,clear,bagmen,seventh
,cleat,bailed,several
,cleft,bailer,shortly
,clerk,bairns,showing
,click,baited,silence
,cliff,baiter,silicon
,climb,bakers,similar
,cling,bakery,sitting
,clink,baking,sixteen
,cloak,balder,skilled
,clock,baldly,smoking
,clone,baleen,society
,close,balers,somehow
,cloth,baling,someone
,cloud,balked,speaker
,clout,ballad,special
,clove,balled,species
,clown,baller,sponsor
,cluck,ballet,station
,clued,ballot,storage
,clump,ballsy,strange
,clung,balsam,stretch
,coach,bamboo,student
,coast,banana,studied
,cobra,banded,subject
,cocoa,bander,succeed
,colon,bandit,success
,color,banged,suggest
,comet,banger,summary
,comfy,bangle,support
,comic,banish,suppose
,comma,banjos,supreme
,conch,banked,surface
,condo,banker,surgery
,conic,banned,surplus
,copse,banner,survive
,coral,bantam,suspect
,corer,banter,sustain
,corny,banyan,teacher
,couch,banzai,telecom
,cough,baobab,telling
,could,barbed,tension
,count,barbel,theatre
,coupe,barber,therapy
,court,barbie,thereby
,coven,bardic,thought
,cover,barely,through
,covet,barest,tonight
,covey,barfed,totally
,cower,barged,touched
,coyly,barges,towards
,crack,baring,traffic
,craft,barite,trouble
,cramp,barium,turning
,crane,barked,typical
,crank,barker,uniform
,crash,barley,unknown
,crass,barman,unusual
,crate,barons,upgrade
,crave,barony,upscale
,crawl,barque,utility
,craze,barred,variety
,crazy,barrel,various
,creak,barren,vehicle
,cream,barrow,venture
,credo,barter,version
,creed,baryon,veteran
,creek,basalt,victory
,creep,basely,viewing
,creme,basest,village
,crepe,bashed,violent
,crept,basher,virtual
,cress,bashes,visible
,crest,basics,waiting
,crick,basils,walking
,cried,basing,wanting
,crier,basins,warning
,crime,basked,warrant
,crimp,basket,wearing
,crisp,basque,weather
,croak,basses,webcast
,crock,basset,website
,crone,basted,wedding
,crony,baster,weekend
,crook,bastes,welcome
,cross,bateau,welfare
,croup,bathed,western
,crowd,bather,whereas
,crown,bathes,whereby
,crude,bathos,whether
,cruel,batiks,willing
,crumb,batman,winning
,crump,batons,without
,crush,batted,witness
,crust,batten,working
,crypt,batter,writing
,cubic,battle,
,cumin,bauble,
,curio,bawled,
,curly,baying,
,curry,bazaar,
,curse,beachy,
,curve,beacon,
,curvy,beaded,
,cutie,beagle,
,cyber,beaked,
,cycle,beaker,
,cynic,beamed,
,daddy,beanie,
,daily,beards,
,dairy,bearer,
,daisy,beasts,
,dally,beaten,
,dance,beater,
,dandy,beauty,
,datum,beaver,
,daunt,became,
,dealt,beckon,
,death,become,
,debar,bedbug,
,debit,bedded,
,debug,bedeck,
,debut,bedlam,
,decal,bedpan,
,decay,bedsit,
,decor,beefed,
,decoy,beeped,
,decry,beeper,
,defer,beetle,
,deign,befall,
,deity,befell,
,delay,befits,
,delta,before,
,delve,begets,
,demon,beggar,
,demur,begged,
,denim,begins,
,dense,behalf,
,depot,behave,
,depth,beheld,
,derby,behest,
,deter,behind,
,detox,behold,
,deuce,beiges,
,devil,beings,
,diary,belfry,
,dicey,belief,
,digit,belies,
,dilly,belles,
,dimly,bellow,
,diner,belong,
,dingo,belted,
,dingy,belter,
,diode,beluga,
,dirge,bemoan,
,dirty,bemuse,
,disco,bended,
,ditch,bender,
,ditto,benign,
,ditty,berate,
,diver,bereft,
,dizzy,berets,
,dodge,berlin,
,dodgy,berths,
,dogma,besets,
,doing,beside,
,dolly,bested,
,donor,bestir,
,donut,bestow,
,dopey,betake,
,doubt,betide,
,dough,betray,
,dowdy,better,
,dowel,bettor,
,downy,bevels,
,dowry,bewail,
,dozen,beware,
,draft,beyond,
,drain,bezels,
,drake,bhakti,
,drama,biased,
,drank,biases,
,drape,bibles,
,drawl,biceps,
,drawn,bicker,
,dread,bidden,
,dream,bidder,
,dress,bidets,
,dried,biding,
,drier,biffed,
,drift,bifold,
,drill,bigamy,
,drink,bigeye,
,drive,bigger,
,droit,biggie,
,droll,bigots,
,drone,bigwig,
,drool,bikers,
,droop,biking,
,dross,bikini,
,drove,bilges,
,drown,bilked,
,druid,billed,
,drunk,biller,
,dryer,billet,
,dryly,billon,
,duchy,billow,
,dully,bimbos,
,dummy,binary,
,dumpy,binder,
,dunce,binged,
,dusky,binges,
,dusty,biogas,
,dutch,biomes,
,duvet,bionic,
,dwarf,biopsy,
,dwell,biotas,
,dwelt,biotic,
,dying,biotin,
,eager,bipeds,
,eagle,birder,
,early,birdie,
,earth,births,
,easel,bisect,
,eaten,bishop,
,eater,bisons,
,ebony,bisque,
,eclat,bistro,
,edict,bitchy,
,edify,biters,
,eerie,biting,
,egret,bitmap,
,eight,bitten,
,eject,bitter,
,eking,blacks,
,elate,bladed,
,elbow,blader,
,elder,blades,
,elect,blamed,
,elegy,blames,
,elfin,blanch,
,elide,blanks,
,elite,blared,
,elope,blares,
,elude,blasts,
,email,blazed,
,embed,blazer,
,ember,blazes,
,emcee,blazon,
,empty,bleach,
,enact,bleary,
,endow,bleats,
,enema,bleeds,
,enemy,bleeps,
,enjoy,blends,
,ennui,blenny,
,ensue,blight,
,enter,blimey,
,entry,blimps,
,envoy,blinds,
,epoch,blinis,
,epoxy,blinks,
,equal,blithe,
,equip,blobby,
,erase,blocks,
,erect,blocky,
,erode,bloggy,
,error,blokes,
,erupt,blonde,
,essay,blonds,
,ester,bloods,
,ether,bloody,
,ethic,blooms,
,ethos,blotch,
,etude,blouse,
,evade,blousy,
,event,blowed,
,every,blower,
,evict,blowup,
,evoke,bluesy,
,exact,bluffs,
,exalt,bluing,
,excel,bluish,
,exert,blunts,
,exile,blurbs,
,exist,blurry,
,expel,blurts,
,extol,boards,
,extra,boasts,
,exult,boated,
,eying,boater,
,fable,bobbed,
,facet,bobber,
,faint,bobbin,
,fairy,bobble,
,faith,bobcat,
,false,bodega,
,fancy,bodice,
,fanny,bodied,
,farce,bodies,
,fatal,bodily,
,fatty,boding,
,fault,bodkin,
,fauna,boffin,
,favor,bogeys,
,feast,bogged,
,fecal,boggle,
,feign,bogies,
,fella,boiled,
,felon,boiler,
,femme,bolder,
,femur,boldly,
,fence,bolero,
,feral,bolted,
,ferry,bombed,
,fetal,bomber,
,fetch,bonbon,
,fetid,bonded,
,fetus,boners,
,fever,bongos,
,fewer,bonier,
,fiber,bonito,
,ficus,bonked,
,field,bonnet,
,fiend,bonobo,
,fiery,bonsai,
,fifth,boobie,
,fifty,booboo,
,fight,booger,
,filer,boogie,
,filet,boohoo,
,filly,booing,
,filmy,booked,
,filth,booker,
,final,bookie,
,finch,boomed,
,finer,boomer,
,first,boosts,
,fishy,booted,
,fixer,booths,
,fizzy,bootie,
,fjord,boozed,
,flack,boozer,
,flail,bopped,
,flair,bopper,
,flake,borage,
,flaky,borate,
,flame,border,
,flank,boreal,
,flare,borers,
,flash,boring,
,flask,borrow,
,fleck,bosoms,
,fleet,bosons,
,flesh,bossed,
,flick,bosses,
,flier,botany,
,fling,bother,
,flint,botnet,
,flirt,bottle,
,float,bottom,
,flock,boucle,
,flood,boudin,
,floor,boughs,
,flora,bought,
,floss,bougie,
,flour,boules,
,flout,bounce,
,flown,bouncy,
,fluff,bounds,
,fluid,bounty,
,fluke,bourne,
,flume,bourse,
,flung,bovine,
,flunk,bowels,
,flush,bowers,
,flute,bowery,
,flyer,bowing,
,foamy,bowled,
,focal,bowler,
,focus,bowman,
,foggy,bowmen,
,foist,boxcar,
,folio,boxers,
,folly,boxier,
,foray,boxing,
,force,boyars,
,forge,boyish,
,forgo,braced,
,forte,bracer,
,forth,braces,
,forty,bracts,
,forum,brahma,
,found,braids,
,foyer,brains,
,frail,brainy,
,frame,braise,
,frank,braked,
,fraud,brakes,
,freak,branch,
,freed,brands,
,freer,brandy,
,fresh,brassy,
,friar,bratty,
,fried,braved,
,frill,braver,
,frisk,braves,
,fritz,bravos,
,frock,brawls,
,frond,brawns,
,front,brawny,
,frost,brayed,
,froth,brayer,
,frown,brazed,
,froze,brazen,
,fruit,brazil,
,fudge,breach,
,fugue,breads,
,fully,bready,
,fungi,breaks,
,funky,breast,
,funny,breath,
,furor,breech,
,furry,breeds,
,fussy,breeze,
,fuzzy,breezy,
,gaffe,brevet,
,gaily,brewed,
,gamer,brewer,
,gamma,briars,
,gamut,bribed,
,gassy,bribes,
,gaudy,bricks,
,gauge,bridal,
,gaunt,brides,
,gauze,bridge,
,gavel,bridle,
,gawky,briefs,
,gayer,briers,
,gayly,bright,
,gazer,brined,
,gecko,brines,
,geeky,brings,
,geese,brinks,
,genie,broach,
,genre,broads,
,ghost,brogue,
,ghoul,broils,
,giant,broken,
,giddy,broker,
,gipsy,bronco,
,girly,broncs,
,girth,bronze,
,given,bronzy,
,giver,brooch,
,glade,broods,
,gland,broody,
,glare,brooks,
,glass,brooms,
,glaze,broths,
,gleam,browns,
,glean,browse,
,glide,bruins,
,glint,bruise,
,gloat,brunch,
,globe,brushy,
,gloom,brutal,
,glory,brutes,
,gloss,bubble,
,glove,bubbly,
,glyph,buccal,
,gnash,bucked,
,gnome,bucket,
,godly,buckle,
,going,budded,
,golem,budged,
,golly,budget,
,gonad,budgie,
,goner,buffed,
,goody,buffer,
,gooey,buffet,
,goofy,bugged,
,goose,bugger,
,gorge,bugler,
,gouge,bugles,
,gourd,builds,
,grace,bulged,
,grade,bulges,
,graft,bulgur,
,grail,bulked,
,grain,bulled,
,grand,bullet,
,grant,bumble,
,grape,bummed,
,graph,bummer,
,grasp,bumped,
,grass,bumper,
,grate,bundle,
,grave,bungee,
,gravy,bungle,
,graze,bunion,
,great,bunked,
,greed,bunker,
,green,bunkum,
,greet,bunted,
,grief,buoyed,
,grill,burble,
,grime,burden,
,grimy,bureau,
,grind,burger,
,gripe,burgle,
,groan,burial,
,groin,buried,
,groom,buries,
,grope,burkas,
,gross,burlap,
,group,burley,
,grout,burned,
,grove,burner,
,growl,burnet,
,grown,burped,
,gruel,burqas,
,gruff,burros,
,grunt,burrow,
,guard,bursar,
,guava,bursts,
,guess,burton,
,guest,busboy,
,guide,bushed,
,guild,bushel,
,guile,bushes,
,guilt,busied,
,guise,busier,
,gulch,busies,
,gully,busily,
,gumbo,busing,
,gummy,busker,
,guppy,bussed,
,gusto,busses,
,gusty,busted,
,gypsy,buster,
,habit,bustle,
,hairy,butane,
,halve,butler,
,handy,butted,
,happy,butter,
,hardy,buttes,
,harem,button,
,harpy,buyers,
,harry,buying,
,harsh,buyout,
,haste,buzzed,
,hasty,buzzer,
,hatch,buzzes,
,hater,bygone,
,haunt,bylaws,
,haute,byline,
,haven,bypass,
,havoc,byways,
,hazel,byword,
,heady,cabals,
,heard,cabana,
,heart,cabbie,
,heath,cabins,
,heave,cabled,
,heavy,cables,
,hedge,cachet,
,hefty,cackle,
,heist,cactus,
,helix,caddie,
,hello,caddis,
,hence,cadets,
,heron,cadres,
,hilly,caecum,
,hinge,caftan,
,hippo,caging,
,hippy,caiman,
,hitch,cairns,
,hoard,caking,
,hobby,calico,
,hoist,caliph,
,holly,called,
,homer,caller,
,honey,callow,
,honor,callus,
,horde,calmed,
,horny,calmer,
,horse,calmly,
,hotel,calved,
,hotly,calves,
,hound,camber,
,house,camels,
,hovel,cameos,
,hover,camera,
,howdy,camped,
,human,camper,
,humid,campos,
,humor,campus,
,humph,canals,
,humus,canape,
,hunch,canard,
,hunky,canary,
,hurry,cancel,
,husky,cancer,
,hussy,candid,
,hutch,candle,
,hydro,candor,
,hyena,canids,
,hymen,canine,
,hyper,caning,
,icily,canker,
,icing,cannas,
,ideal,canned,
,idiom,canner,
,idiot,cannon,
,idler,canoed,
,idyll,canoes,
,igloo,canola,
,iliac,canons,
,image,canopy,
,imbue,canted,
,impel,canter,
,imply,canton,
,inane,cantor,
,inbox,cantos,
,incur,canvas,
,index,canyon,
,inept,capers,
,inert,capful,
,infer,capita,
,ingot,capons,
,inlay,capped,
,inlet,capper,
,inner,capsid,
,input,captor,
,inter,carafe,
,intro,carats,
,ionic,carbon,
,irate,carbos,
,irony,carboy,
,islet,carded,
,issue,carder,
,itchy,cardia,
,ivory,cardio,
,jaunt,careen,
,jazzy,career,
,jelly,carers,
,jerky,caress,
,jetty,cargos,
,jewel,caries,
,jiffy,carina,
,joint,caring,
,joist,carnal,
,joker,carney,
,jolly,carols,
,joust,caroms,
,judge,carpal,
,juice,carped,
,juicy,carpel,
,jumbo,carpet,
,jumpy,carrel,
,junta,carrot,
,junto,carted,
,juror,cartel,
,kappa,carter,
,karma,carton,
,kayak,carved,
,kebab,carver,
,khaki,carves,
,kinky,casein,
,kiosk,cashed,
,kitty,cashes,
,knack,cashew,
,knave,casing,
,knead,casino,
,kneed,casket,
,kneel,casque,
,knelt,cassia,
,knife,cassis,
,knock,caster,
,knoll,castes,
,known,castle,
,koala,castor,
,krill,casual,
,label,catchy,
,labor,caters,
,laden,cation,
,ladle,catkin,
,lager,catnap,
,lance,catnip,
,lanky,catsup,
,lapel,cattle,
,lapse,caucus,
,large,caudal,
,larva,caught,
,lasso,causal,
,latch,caused,
,later,causes,
,lathe,caveat,
,latte,cavern,
,laugh,caviar,
,layer,cavils,
,leach,caving,
,leafy,cavity,
,leaky,cavort,
,leant,cayman,
,leapt,ceased,
,learn,ceases,
,lease,cedars,
,leash,ceding,
,least,celebs,
,leave,celery,
,ledge,celiac,
,leech,cellar,
,leery,celled,
,lefty,cellos,
,legal,cement,
,leggy,cenote,
,lemon,censer,
,lemur,censor,
,leper,census,
,level,center,
,lever,centre,
,libel,cereal,
,liege,cereus,
,light,cerise,
,liken,cerium,
,lilac,cervix,
,limbo,cesium,
,limit,cetane,
,linen,chador,
,liner,chafed,
,lingo,chafes,
,lipid,chains,
,lithe,chairs,
,liver,chaise,
,livid,chalet,
,llama,chalks,
,loamy,chalky,
,loath,champs,
,lobby,chance,
,local,chancy,
,locus,change,
,lodge,chants,
,lofty,chapel,
,logic,charge,
,login,charms,
,loopy,charro,
,loose,charts,
,lorry,chased,
,loser,chaser,
,louse,chases,
,lousy,chasms,
,lover,chasse,
,lower,chaste,
,lowly,chatty,
,loyal,cheapo,
,lucid,cheats,
,lucky,checks,
,lumen,cheeks,
,lumpy,cheeky,
,lunar,cheers,
,lunch,cheery,
,lunge,cheese,
,lupus,cheesy,
,lurch,cheque,
,lurid,cherry,
,lusty,cherub,
,lying,chests,
,lymph,chesty,
,lyric,chevre,
,macaw,chewed,
,macho,chewer,
,macro,chiasm,
,madam,chicks,
,madly,chicle,
,mafia,chided,
,magic,chides,
,magma,chiefs,
,maize,chiles,
,major,chilli,
,maker,chills,
,mambo,chilly,
,mamma,chimed,
,mammy,chimes,
,manga,chimps,
,mange,chinas,
,mango,chinch,
,mangy,chines,
,mania,choice,
,manic,choose,
,manly,chords,
,manor,chorus,
,maple,chosen,
,march,chrome,
,marry,chunks,
,marsh,church,
,mason,cinema,
,masse,circle,
,match,circus,
,matey,cities,
,mauve,citing,
,maxim,citrus,
,maybe,claims,
,mayor,classy,
,mealy,clause,
,meant,clever,
,meaty,clicks,
,mecca,client,
,medal,cliffs,
,media,clinic,
,medic,closed,
,melee,closer,
,melon,closes,
,mercy,closet,
,merge,clouds,
,merit,clutch,
,merry,coated,
,metal,coding,
,meter,coffee,
,metro,cohort,
,micro,colder,
,midge,collar,
,midst,colony,
,might,colors,
,milky,colour,
,mimic,column,
,mince,combat,
,miner,comedy,
,minim,comics,
,minor,coming,
,minty,commit,
,minus,common,
,mirth,comply,
,miser,convey,
,missy,cooked,
,mocha,cooker,
,modal,cookie,
,model,cooler,
,modem,copied,
,mogul,copies,
,moist,copper,
,molar,corner,
,moldy,cosmic,
,money,costly,
,month,cotton,
,moody,counts,
,moose,county,
,moral,couple,
,moron,coupon,
,morph,course,
,mossy,courts,
,motel,cousin,
,motif,covers,
,motor,cracks,
,motto,crafts,
,moult,creams,
,mound,creamy,
,mount,create,
,mourn,credit,
,mouse,creepy,
,mouth,crimes,
,mover,crisis,
,movie,critic,
,mower,crowds,
,mucky,cruise,
,mucus,crying,
,muddy,cursor,
,mulch,curved,
,mummy,curves,
,munch,custom,
,mural,cutter,
,murky,cycles,
,mushy,damage,
,music,dancer,
,musky,danger,
,musty,danish,
,myrrh,darker,
,nadir,dating,
,naive,deadly,
,nanny,dealer,
,nasal,deaths,
,nasty,debate,
,natal,debris,
,naval,decade,
,navel,decent,
,needy,decide,
,neigh,deemed,
,nerdy,deeper,
,nerve,deeply,
,never,defeat,
,newer,defect,
,newly,defend,
,nicer,define,
,niche,degree,
,niece,delays,
,night,delete,
,ninja,demand,
,ninny,demons,
,ninth,denial,
,noble,denied,
,nobly,dental,
,noise,depart,
,noisy,depend,
,nomad,deploy,
,noose,depths,
,north,deputy,
,nosey,desert,
,notch,design,
,novel,desire,
,nudge,detail,
,nurse,detect,
,nutty,device,
,nylon,devils,
,nymph,dialog,
,oaken,diesel,
,obese,differ,
,occur,digits,
,ocean,dining,
,octal,dinner,
,octet,direct,
,odder,dishes,
,oddly,divide,
,offal,divine,
,offer,diving,
,often,doctor,
,olden,dollar,
,older,domain,
,olive,donate,
,ombre,donors,
,omega,dosage,
,onion,double,
,onset,doubts,
,opera,dozens,
,opine,dragon,
,opium,drawer,
,optic,dreams,
,orbit,drills,
,order,drinks,
,organ,driven,
,other,driver,
,otter,drives,
,ought,drones,
,ounce,drying,
,outdo,dubbed,
,outer,dumped,
,outgo,during,
,ovary,duties,
,ovate,eagles,
,overt,earned,
,ovine,easier,
,ovoid,easily,
,owing,easter,
,owner,eating,
,oxide,edible,
,ozone,edited,
,paddy,editor,
,pagan,effect,
,paint,effort,
,paler,eighth,
,palsy,either,
,panel,elders,
,panic,eleven,
,pansy,emails,
,papal,emerge,
,paper,empire,
,parer,employ,
,parka,enable,
,parry,ending,
,parse,endure,
,party,energy,
,pasta,engage,
,paste,engine,
,pasty,enjoys,
,patch,enough,
,patio,enroll,
,patsy,ensure,
,patty,enters,
,pause,entire,
,payee,entity,
,payer,enzyme,
,peace,equals,
,peach,equity,
,pearl,errors,
,pecan,escape,
,pedal,essays,
,penal,estate,
,pence,ethics,
,penne,ethnic,
,penny,evenly,
,perch,events,
,peril,evolve,
,perky,exceed,
,pesky,except,
,pesto,excess,
,petal,excuse,
,petty,exempt,
,phase,exists,
,phone,exotic,
,phony,expand,
,photo,expect,
,piano,expert,
,picky,expire,
,piece,export,
,piety,expose,
,piggy,extend,
,pilot,extent,
,pinch,extras,
,piney,fabric,
,pinky,facial,
,pinto,facing,
,piper,factor,
,pique,failed,
,pitch,fairly,
,pithy,fallen,
,pivot,family,
,pixel,famous,
,pixie,farmer,
,pizza,faster,
,place,father,
,plaid,faults,
,plain,faulty,
,plait,favour,
,plane,feared,
,plank,fellow,
,plant,felony,
,plate,female,
,plaza,fender,
,plead,fibers,
,pleat,fields,
,plied,fierce,
,plier,fights,
,pluck,figure,
,plumb,filing,
,plume,filled,
,plump,filler,
,plunk,filmed,
,plush,filter,
,poesy,finale,
,point,finals,
,poise,finely,
,poker,finest,
,polar,finger,
,polka,finish,
,polyp,firing,
,pooch,firmly,
,poppy,fiscal,
,porch,fitted,
,poser,fixing,
,posit,flames,
,posse,flavor,
,pouch,flawed,
,pound,flight,
,pouty,floors,
,power,floral,
,prank,flower,
,prawn,fluffy,
,preen,fluids,
,press,flyers,
,price,flying,
,prick,folded,
,pride,folder,
,pried,follow,
,prime,forced,
,primo,forces,
,print,forest,
,prior,forget,
,prism,forgot,
,privy,formal,
,prize,format,
,probe,formed,
,prone,former,
,prong,forums,
,proof,fossil,
,prose,foster,
,proud,fought,
,prove,fourth,
,prowl,frames,
,proxy,freely,
,prude,freeze,
,prune,french,
,psalm,fridge,
,pubic,friend,
,pudgy,fringe,
,puffy,frozen,
,pulpy,fruits,
,pulse,funded,
,punch,funnel,
,pupil,fusion,
,puppy,future,
,puree,gained,
,purer,galaxy,
,purge,gallon,
,purse,gamers,
,pushy,gaming,
,putty,garage,
,pygmy,garden,
,quack,garlic,
,quail,gather,
,quake,geared,
,qualm,gender,
,quark,genius,
,quart,genres,
,quash,gentle,
,quasi,gently,
,queen,german,
,queer,ghosts,
,quell,giants,
,query,gifted,
,quest,ginger,
,queue,giving,
,quick,glance,
,quiet,glands,
,quill,global,
,quilt,glossy,
,quirk,gloves,
,quite,gluten,
,quota,golden,
,quote,google,
,quoth,gospel,
,rabbi,gotten,
,rabid,govern,
,racer,grades,
,radar,grains,
,radii,grants,
,radio,grapes,
,rainy,graphs,
,raise,gravel,
,rajah,graves,
,rally,grease,
,ralph,greens,
,ramen,groove,
,ranch,ground,
,randy,groups,
,range,growth,
,rapid,guards,
,rarer,guests,
,raspy,guided,
,ratio,guides,
,ratty,guilty,
,raven,guitar,
,rayon,habits,
,razor,hammer,
,reach,handed,
,react,handle,
,ready,happen,
,realm,harbor,
,rearm,harder,
,rebar,hardly,
,rebel,hassle,
,rebus,hatred,
,rebut,having,
,recap,hazard,
,recur,headed,
,recut,header,
,reedy,healed,
,refer,health,
,refit,hearts,
,regal,heated,
,rehab,heater,
,reign,heaven,
,relax,height,
,relay,helmet,
,relic,helped,
,remit,herbal,
,renal,hereby,
,renew,herein,
,repay,heroes,
,repel,heroic,
,reply,heroin,
,rerun,hidden,
,reset,hiding,
,resin,higher,
,retch,highly,
,retro,hiking,
,retry,hiring,
,reuse,hockey,
,revel,holder,
,revue,hollow,
,rhino,honest,
,rhyme,honors,
,rider,honour,
,ridge,hooked,
,rifle,hoping,
,right,horror,
,rigid,horses,
,rigor,hosted,
,rinse,hotels,
,ripen,hourly,
,riper,housed,
,risen,houses,
,riser,hugely,
,risky,humane,
,rival,humans,
,river,humble,
,rivet,humour,
,roach,hunger,
,roast,hungry,
,robin,hunter,
,robot,hybrid,
,rocky,iconic,
,rodeo,ideals,
,roger,ignore,
,rogue,images,
,roomy,immune,
,roost,impact,
,rotor,import,
,rouge,impose,
,rough,inches,
,round,income,
,rouse,indeed,
,route,indoor,
,rover,induce,
,rowdy,infant,
,rower,inform,
,royal,injury,
,ruddy,inning,
,ruder,inputs,
,rugby,insane,
,ruler,insect,
,rumba,insert,
,rumor,inside,
,rupee,insist,
,rural,insure,
,rusty,intact,
,sadly,intake,
,safer,intend,
,saint,intent,
,salad,invest,
,sally,invite,
,salon,island,
,salsa,issued,
,salty,issues,
,salve,itself,
,salvo,jacket,
,sandy,jersey,
,saner,joined,
,sappy,joints,
,sassy,judged,
,satin,judges,
,satyr,juices,
,sauce,jumped,
,saucy,jungle,
,sauna,junior,
,saute,keeper,
,savor,kernel,
,savoy,kicked,
,savvy,kidney,
,scald,killed,
,scale,killer,
,scalp,kindle,
,scaly,kindly,
,scamp,knight,
,scant,knives,
,scare,labels,
,scarf,labour,
,scary,lacked,
,scene,ladder,
,scent,ladies,
,scion,landed,
,scoff,laptop,
,scold,larger,
,scone,lasted,
,scoop,lastly,
,scope,lately,
,score,latest,
,scorn,latter,
,scour,laughs,
,scout,launch,
,scowl,lawful,
,scram,lawyer,
,scrap,layers,
,scree,laying,
,screw,layout,
,scrub,leader,
,scrum,league,
,scuba,learns,
,sedan,learnt,
,seedy,leaves,
,segue,legacy,
,seize,legend,
,semen,legion,
,sense,lender,
,sepia,length,
,serif,lenses,
,serum,lesser,
,serve,lesson,
,setup,lethal,
,seven,letter,
,sever,levels,
,sewer,liable,
,shack,lifted,
,shade,lights,
,shady,likely,
,shaft,limits,
,shake,linear,
,shaky,lineup,
,shale,lining,
,shall,linked,
,shalt,liquid,
,shame,liquor,
,shank,listed,
,shape,listen,
,shard,litter,
,share,little,
,shark,lively,
,sharp,living,
,shave,loaded,
,shawl,locals,
,shear,locate,
,sheen,locked,
,sheep,locker,
,sheer,logged,
,sheet,lonely,
,sheik,longer,
,shelf,looked,
,shell,loosen,
,shied,losing,
,shift,losses,
,shine,lounge,
,shiny,lovely,
,shire,lovers,
,shirk,loving,
,shirt,lowest,
,shoal,lumber,
,shock,luxury,
,shone,lyrics,
,shook,magnet,
,shoot,mailed,
,shore,mainly,
,shorn,majors,
,short,makers,
,shout,makeup,
,shove,making,
,shown,manage,
,showy,manner,
,shrew,manual,
,shrub,marble,
,shrug,margin,
,shuck,marine,
,shunt,marked,
,shush,marker,
,shyly,market,
,siege,marvel,
,sieve,masses,
,sight,master,
,sigma,matrix,
,silky,matter,
,silly,mature,
,since,medals,
,sinew,median,
,singe,medium,
,siren,melody,
,sissy,melted,
,sixth,member,
,sixty,memory,
,skate,mental,
,skier,mentor,
,skiff,merely,
,skill,merger,
,skimp,merits,
,skirt,metals,
,skulk,meters,
,skull,method,
,skunk,metres,
,slack,metric,
,slain,middle,
,slang,mighty,
,slant,miners,
,slash,mining,
,slate,minors,
,sleek,minute,
,sleep,mirror,
,sleet,misery,
,slept,missed,
,slice,mixing,
,slick,mobile,
,slide,models,
,slime,modern,
,slimy,modest,
,sling,modify,
,slink,module,
,sloop,moment,
,slope,monkey,
,slosh,months,
,sloth,mostly,
,slump,mother,
,slung,motion,
,slunk,motors,
,slurp,mounts,
,slush,movies,
,slyly,moving,
,smack,murder,
,small,muscle,
,smart,museum,
,smash,mutual,
,smear,myriad,
,smell,myself,
,smelt,namely,
,smile,narrow,
,smirk,nation,
,smite,native,
,smith,nature,
,smock,nausea,
,smoke,nearby,
,smoky,nearly,
,smote,neatly,
,snack,needed,
,snail,needle,
,snake,nerves,
,snaky,newest,
,snare,nicely,
,snarl,nickel,
,sneak,nights,
,sneer,nobody,
,snide,noises,
,sniff,normal,
,snipe,notice,
,snoop,notify,
,snore,noting,
,snort,notion,
,snout,novels,
,snowy,novice,
,snuck,number,
,snuff,nurses,
,soapy,object,
,sober,obtain,
,soggy,occupy,
,solar,occurs,
,solid,oceans,
,solve,offers,
,sonar,office,
,sonic,offset,
,sooth,oldest,
,sooty,onions,
,sorry,online,
,sound,opened,
,south,opener,
,sower,openly,
,space,oppose,
,spade,optics,
,spank,option,
,spare,oracle,
,spark,orange,
,spasm,orders,
,spawn,organs,
,speak,origin,
,spear,ounces,
,speck,outfit,
,speed,outlet,
,spell,output,
,spelt,overly,
,spend,owners,
,spent,owning,
,sperm,oxygen,
,spice,packed,
,spicy,packet,
,spied,paired,
,spiel,palace,
,spike,panels,
,spiky,pantry,
,spill,papers,
,spilt,parade,
,spine,parcel,
,spiny,parent,
,spire,parish,
,spite,parked,
,splat,parole,
,split,partly,
,spoil,passed,
,spoke,passes,
,spoof,pastor,
,spook,pastry,
,spool,patent,
,spoon,patrol,
,spore,patron,
,sport,paying,
,spout,peanut,
,spray,pedals,
,spree,pencil,
,sprig,people,
,spunk,pepper,
,spurn,period,
,spurt,permit,
,squad,person,
,squat,petrol,
,squib,phases,
,stack,phones,
,staff,photos,
,stage,phrase,
,staid,picked,
,stain,pickup,
,stair,picnic,
,stake,pieces,
,stale,pillar,
,stalk,pillow,
,stall,pilots,
,stamp,pirate,
,stand,pistol,
,stank,piston,
,stare,pixels,
,stark,placed,
,start,places,
,stash,plains,
,state,planes,
,stave,planet,
,stead,plants,
,steak,plaque,
,steal,plasma,
,steam,plates,
,steed,played,
,steel,player,
,steep,please,
,steer,pledge,
,stein,plenty,
,stern,pocket,
,stick,podium,
,stiff,poetry,
,still,points,
,stilt,poison,
,sting,police,
,stink,policy,
,stint,polish,
,stock,polite,
,stoic,poorly,
,stoke,popped,
,stole,portal,
,stomp,postal,
,stone,posted,
,stony,poster,
,stood,potato,
,stool,potent,
,stoop,pounds,
,store,poured,
,stork,powder,
,storm,powers,
,story,praise,
,stout,prayer,
,stove,prefer,
,strap,pretty,
,straw,priced,
,stray,prices,
,strip,pricey,
,strut,priest,
,stuck,primer,
,study,prince,
,stuff,prints,
,stump,prison,
,stung,prizes,
,stunk,profit,
,stunt,prompt,
,style,proper,
,suave,proved,
,sugar,proven,
,suing,proves,
,suite,public,
,sulky,pulled,
,sully,punish,
,sumac,pupils,
,sunny,purely,
,super,purity,
,surer,purple,
,surge,pursue,
,surly,pushed,
,sushi,pushes,
,swami,puzzle,
,swamp,python,
,swarm,quartz,
,swash,quests,
,swath,quirky,
,swear,quoted,
,sweat,quotes,
,sweep,rabbit,
,sweet,racial,
,swell,racing,
,swept,racism,
,swift,racist,
,swill,radius,
,swine,raised,
,swing,raises,
,swirl,random,
,swish,ranged,
,swoon,ranger,
,swoop,ranges,
,sword,ranked,
,swore,rarely,
,sworn,rather,
,swung,rating,
,synod,ratios,
,syrup,reader,
,tabby,really,
,table,reason,
,taboo,rebels,
,tacit,recall,
,tacky,recent,
,taffy,recipe,
,taint,record,
,taken,redeem,
,taker,reduce,
,tally,refers,
,talon,refine,
,tamer,reform,
,tango,refuge,
,tangy,refund,
,taper,refuse,
,tapir,regain,
,tardy,regard,
,tarot,regime,
,taste,region,
,tasty,regret,
,tatty,reject,
,taunt,relate,
,tawny,relied,
,teach,relief,
,teary,relies,
,tease,remain,
,teddy,remedy,
,teeth,remind,
,tempo,remote,
,tenet,remove,
,tenor,render,
,tense,rental,
,tenth,rented,
,tepee,repair,
,tepid,repeat,
,terra,report,
,terse,rescue,
,testy,reside,
,thank,resist,
,theft,resort,
,their,result,
,theme,resume,
,there,retail,
,these,retain,
,theta,retire,
,thick,return,
,thief,reveal,
,thigh,review,
,thing,reward,
,think,rhythm,
,third,ribbon,
,thong,richer,
,thorn,riders,
,those,riding,
,three,rifles,
,threw,rights,
,throb,ripped,
,throw,rising,
,thrum,ritual,
,thumb,rivals,
,thump,rivers,
,thyme,robots,
,tiara,robust,
,tibia,rocket,
,tidal,rolled,
,tiger,roller,
,tight,romans,
,tilde,rookie,
,timer,rooted,
,timid,roster,
,tipsy,rotary,
,titan,rotate,
,tithe,rounds,
,title,router,
,toast,routes,
,today,rubber,
,toddy,rugged,
,token,ruined,
,tonal,ruling,
,tonga,rumors,
,tonic,runner,
,tooth,runway,
,topaz,rushed,
,topic,rustic,
,torch,sacred,
,torso,saddle,
,torus,safari,
,total,safely,
,totem,safest,
,touch,safety,
,tough,saints,
,towel,salads,
,tower,salary,
,toxic,salmon,
,toxin,sample,
,trace,saving,
,track,saying,
,tract,scales,
,trade,scared,
,trail,scenes,
,train,scenic,
,trait,scheme,
,tramp,school,
,trash,scored,
,trawl,scores,
,tread,scouts,
,treat,screen,
,trend,screws,
,triad,script,
,trial,scroll,
,tribe,sealed,
,trice,search,
,trick,season,
,tried,seated,
,tripe,second,
,trite,secret,
,troll,sector,
,troop,secure,
,trope,seeing,
,trout,seemed,
,trove,seized,
,truce,seldom,
,truck,select,
,truer,seller,
,truly,senate,
,trump,sender,
,trunk,senior,
,truss,senses,
,trust,sensor,
,truth,sequel,
,tryst,serial,
,tubal,series,
,tuber,served,
,tulip,server,
,tulle,serves,
,tumor,settle,
,tunic,severe,
,turbo,sewing,
,tutor,sexual,
,twang,shades,
,tweak,shadow,
,tweed,shaped,
,tweet,shapes,
,twice,shared,
,twine,shares,
,twirl,sharks,
,twist,sheets,
,twixt,shells,
,tying,shield,
,udder,shifts,
,ulcer,shines,
,ultra,shirts,
,umbra,shoots,
,uncle,shores,
,uncut,shorts,
,under,should,
,undid,showed,
,undue,shower,
,unfed,shrimp,
,unfit,shrink,
,unify,sights,
,union,signal,
,unite,signed,
,unity,silent,
,unlit,silver,
,unmet,simmer,
,unset,simple,
,untie,simply,
,until,singer,
,unwed,single,
,unzip,sister,
,upper,sketch,
,upset,skiing,
,urban,skills,
,urine,skinny,
,usage,slaves,
,usher,sleeve,
,using,slices,
,usual,slider,
,usurp,slides,
,utile,slight,
,utter,slopes,
,vague,slowed,
,valet,slower,
,valid,slowly,
,valor,smells,
,value,smiled,
,valve,smooth,
,vapid,snacks,
,vapor,snakes,
,vault,soccer,
,vaunt,social,
,vegan,socket,
,venom,sodium,
,venue,softer,
,verge,solely,
,verse,solved,
,verso,sooner,
,verve,sorted,
,vicar,sought,
,video,sounds,
,vigil,source,
,vigor,soviet,
,villa,spaces,
,vinyl,speaks,
,viola,speech,
,viper,speeds,
,viral,spells,
,virus,spends,
,visit,sphere,
,visor,spices,
,vista,spider,
,vital,spikes,
,vivid,spinal,
,vixen,spirit,
,vocal,splash,
,vodka,spoken,
,vogue,sponge,
,voice,sports,
,voila,spouse,
,vomit,spread,
,voter,spring,
,vouch,sprint,
,vowel,square,
,vying,squash,
,wacky,stable,
,wafer,stacks,
,wager,stages,
,wagon,stains,
,waist,stairs,
,waive,stakes,
,waltz,stamps,
,warty,stance,
,waste,stands,
,watch,staple,
,water,starts,
,waver,stated,
,waxen,states,
,weary,static,
,weave,statue,
,wedge,status,
,weedy,stayed,
,weigh,steady,
,weird,stereo,
,welch,sticks,
,welsh,sticky,
,whack,stitch,
,whale,stocks,
,wharf,stolen,
,wheat,stones,
,wheel,stored,
,whelp,stores,
,where,storms,
,which,strain,
,whiff,straps,
,while,streak,
,whine,stream,
,whiny,street,
,whirl,stress,
,whisk,strict,
,white,strike,
,whole,string,
,whoop,strips,
,whose,strive,
,widen,stroke,
,wider,strong,
,widow,struck,
,width,studio,
,wield,stupid,
,wight,sturdy,
,willy,styles,
,wimpy,submit,
,wince,subtle,
,winch,subway,
,windy,sucked,
,wiser,sudden,
,wispy,suffer,
,witch,sugars,
,witty,suited,
,woken,suites,
,woman,summer,
,women,summit,
,woody,summon,
,wooer,sunset,
,wooly,superb,
,woozy,supply,
,wordy,surely,
,world,survey,
,worry,switch,
,worse,swords,
,worst,symbol,
,worth,syntax,
,would,system,
,wound,tables,
,woven,tablet,
,wrack,tackle,
,wrath,tactic,
,wreak,tagged,
,wreck,taking,
,wrest,talent,
,wring,talked,
,wrist,taller,
,write,target,
,wrong,tasted,
,wrote,tastes,
,wrung,tattoo,
,wryly,taught,
,yacht,teamed,
,yearn,temple,
,yeast,tenant,
,yield,tended,
,young,tender,
,youth,tennis,
,zebra,tenure,
,zesty,terror,
,zonal,tested,
,,thanks,
,,theirs,
,,themes,
,,theory,
,,thesis,
,,thighs,
,,things,
,,thinks,
,,thirty,
,,though,
,,thread,
,,threat,
,,thrill,
,,thrive,
,,throat,
,,throne,
,,thrown,
,,throws,
,,ticket,
,,tigers,
,,timber,
,,timely,
,,timing,
,,tissue,
,,titled,
,,titles,
,,toilet,
,,tokens,
,,tomato,
,,tongue,
,,tonnes,
,,topics,
,,topped,
,,torque,
,,tossed,
,,toward,
,,towels,
,,towers,
,,toxins,
,,traced,
,,tracks,
,,traded,
,,trader,
,,trades,
,,tragic,
,,trails,
,,trains,
,,traits,
,,trauma,
,,travel,
,,treats,
,,treaty,
,,trends,
,,trendy,
,,trials,
,,tribal,
,,tribes,
,,tricks,
,,tricky,
,,triple,
,,troops,
,,trophy,
,,trucks,
,,trusts,
,,truths,
,,trying,
,,tubing,
,,tucked,
,,tumors,
,,tuning,
,,tunnel,
,,turkey,
,,turned,
,,turtle,
,,tweets,
,,twelve,
,,twenty,
,,typing,
,,unable,
,,uneven,
,,unfair,
,,unions,
,,unique,
,,united,
,,unless,
,,unlike,
,,unlock,
,,unpaid,
,,unsafe,
,,unsure,
,,unused,
,,update,
,,upload,
,,upside,
,,upward,
,,urgent,
,,usable,
,,useful,
,,utmost,
,,vacant,
,,vacuum,
,,valley,
,,valued,
,,values,
,,valves,
,,vanity,
,,varied,
,,varies,
,,vastly,
,,vector,
,,velvet,
,,vendor,
,,venues,
,,verbal,
,,verify,
,,verses,
,,versus,
,,vessel,
,,viable,
,,victim,
,,videos,
,,viewed,
,,viewer,
,,violin,
,,virgin,
,,virtue,
,,vision,
,,visits,
,,visual,
,,voices,
,,volume,
,,voters,
,,voting,
,,voyage,
,,waited,
,,waiver,
,,waking,
,,walked,
,,wallet,
,,walnut,
,,wander,
,,wanted,
,,warmer,
,,warmth,
,,warned,
,,washed,
,,washer,
,,wasted,
,,waters,
,,weaker,
,,wealth,
,,weapon,
,,weekly,
,,weighs,
,,weight,
,,whales,
,,wheels,
,,whilst,
,,whites,
,,wholly,
,,wicked,
,,widely,
,,widget,
,,wildly,
,,window,
,,winner,
,,winter,
,,wiring,
,,wisdom,
,,wisely,
,,wished,
,,wishes,
,,within,
,,wizard,
,,wolves,
,,wonder,
,,wooden,
,,worked,
,,worker,
,,worlds,
,,worthy,
,,wounds,
,,writer,
,,writes,
,,yearly,
,,yellow,
,,yields,
,,yogurt,
,,zipper,
,,zombie,
,,zoning,
